,text,category
0,"Una novia que sea tan delicada como Neymar, eso es lo que quiero.",0
1,"- ¿Cual es tu nombre? -Pikachu Rodríguez, ¿y el tuyo? -Pablo - ¡No me jodas! ¿Como el de los picapiedras?",1
2,"RT @AnaBuilesC: ""Mateo al 6565"" ya se cagaron la hpta noche con este hpta HT de veras que ustedes valen mnd!!! Partidaas de brutos!",0
3,"A mi también me dijeron ""te debo el regalo"" y todavía lo estoy esperando",0
4,"TÍPICO: Te pones los audífonos, te hablan, y tu solo sonríes y dices que ""si""",0
5,"El TT' Original era: The Beatles Nuestros Idolos, Algunos metiron mal el dedo y escribieron: Wisin y Yandel Nuestros Idolos (HP Regayton).",0
6,"Escuchar a alguien hablar y pensar: ""deja de mentir"".",0
7,La capacidad que tengo para molestar cuando me aburro es impresionante,0
8,Típico: Ir por la calle y sonreirle a un recuerdo que se cruzó por tu mente.,0
9,¿Alcohólico yo? JAJAJAJAJA ¡Para nada! Cada año solo bebo en 2 ocasiones: Cuando es mi cumpleaños y cuando no lo es.,1
10,El amor es el único deporte que no se suspende por falta de luz... ,0
11,"-Como te llamas? -Anastasia, y me dicen Ana, tu? -Catalina, y me dicen Cata, y tu? -Penélope, pero no tengo apodo! by @DuendeUrbano",1
12,"Un pistolero enojado dice a otro: -Oye, que tu andas diciendo que nosotros nos besamos? -No -Entonces nos vieron! by @rodrydi ",1
13,"-Me vuelves a decir gorda y te dejo -No, mi amor, piensa en el bebé -¿Cual bebé? -Ah, ¿No estás embarazada?",1
14,"-Hola, perdón por el retraso -No te preocupes, sé que naciste así. ¿Pero por qué llegaste tarde?",1
15,"-Puedo hablar con los animales - ¿En serio? ¿Qué te dicen? -No sé, no los entiendo.",1
16,"Típico: Ir a la tienda golpeando con la rodilla, el envase del refresco.",0
17,Nueva meta de esta generación: Llegar virgen a la primera comunión.,1
18,"RT @SoloDeMujer: No te rindas, recuerda que muchas veces la última llave es la que abre la puerta.",0
19,"Estamos en ciudad GOTICA: Sin gotica de luz, sin gotica de agua, sin gotica de seguridad. Atte. El Guasón de Sabaneta by @camilotorre",1
20,Un hombre dice: Tengo tanta hambre que me comería un helicóptero... Y un marica a su lado: tucutucutucutucutucu,1
21,Típico: Despertar de una siesta y no saber si mirar la hora o el calendario.,0
22,¿Cuál es la enfermedad del 1 + 2? El ESTRESS ,1
23,"—Hey, mi mamá quiere ser tu suegra. —Uy, la mía quería ser cantante y tampoco se le hizo. —Ay :(",1
24,-Quiero ser más que tu amiga -Ayyy ♥ que lindo. ¿Y que queres ser? -Quiero ser tu  'hermana' en Facebook.,1
25,No hay photoshop que te arregle el cerebro... Entérate.,0
26,"—Bueno, ¿Con quién quiere hablar?
—Contigo.
—Déjeme se lo paso, ¡TIGO, TE HABLAN! 
—No, pero... 
—Ya viene. 
—Espera... 
—Hola, habla Tigo.",1
27,"— Ya le dimos muchas vueltas, esto no puede continuar. — Pero yo te amo. — Señor, ya bájese del carrusel, no sea ridículo. — Ay. :(",1
28,Algunos hombres tienen su barriga cervecera como cementerio: dándole sombra al muerto.,1
29,"-Papá, hay un señor en la puerta haciendo una colecta para una nueva piscina -Dale un vaso de agua",1
30,"-Si no paga, procederemos a embargar su cuenta - ¿La de Twitter? -No, la del banco -No jodas, ¡ya me había asustado!",1
31,¿Qué hace un tomate con capa y sombrero? Capitán Tomate. ¿Y qué hace una patata con capa y sombrero? Imitar al Capitán Tomate.,1
32,"-Amor, ¿sabes qué es lo más hermoso que tienes? -Wow, ¿qué cosa mi amor? -No tengo ni idea, por eso te pregunto...",1
33,El amor eterno dura aproximadamente 3 meses .,1
34,"Justifique su repuesta: ""Es falso, porque no es verdadero""",0
35, Me suicidaria.,0
36,"-Mamá, mamá, en la escuela me dicen incoherente - ¿Por qué hijo? -Almohada",1
37,Todos hemos fingido una conversación por celular para evitar a alguien.,0
38,Típico: — ¿Te acuerdas cuando te gustab…. — ¡CÁLLATE! ¡CÁLLATE!,0
39,Ese incómodo momento en el qué te ven tomandote una foto.,0
40,2014 y todavía siguen haciendo celulares inteligentes con baterías que duran 3 horas,1
41,"RT @BuenaFraseEs: Si alguien quiere seriamente ser parte de tu vida, hará lo imposible por estar en ella.",0
42,"RT @Ejercitandote: Trotar aparte de brindarte bienestar, mejoras en cuanto a tu sistema cardiovascular y circulatorio te puede hacer perder…",0
43,¿Qué le dijo una nalga a otra nalga? Sospecho que entre nosotras hay una soplona!  ,1
44,"- ¿Desea usted una mesa? -No, venimos a comer en el suelo",1
45,Un experto es alguien que te explica algo sencillo de forma confusa de tal forma que te hace pensar que la confusión es culpa tuya.,0
46,"-Mi amor, ¿Como me queda este vestido blanco? - ¡un oso polar! Todos corran por sus vidas",1
47,Ver el examen y pensar debajo de que puente vas a vivir,0
48,"-Describe tu vida amorosa en dos palabras 

- ¿Mi qué?",1
49,"RT @TodoReflexion: Que ironía: Si ignoras, te buscan... si buscas, te ignoran.",0
50,"¿Dedicarte tweets? JAJAJAJAJAJAJAJAJAJAJAJAJAJAJAJAJAJAJAJAJAJAJAJAAJAJAJAJAJA Espero estés leyendo esto, te quiero mucho.",0
51,Típico: Tener todo el tiempo del mundo y terminar haciendo todo a última hora.,0
52,—Señor ¿por que hiciste a la mujer tan bella? —Para q te enamores de ella —¿Y por que la hiciste tan tonta? —Para que ella se enamore de ti.,1
53,¿Qué le dijo el inodoro a Batman? Te conozco la bati-cueva. ,1
54,"—¿Sabes qué es lo mas bonito de ti? —Awww ¿Qué cosa mi amor? —No tengo idea, por eso te pregunto ¬¬'",1
55,"—Profesora ""ayer"" lleva h? —No. —Y ""hoy"" lleva h? —Si, hoy si. —Como cambian las cosas de un día para otro...",1
56,"El que piense que el dinero no da la felicidad, que lo transfiera a mi cuenta.",1
57,"RT @FernandoCelis: ""No esperes por el momento preciso. Empieza ahora. Hazlo ahora. Si esperas por el momento adecuado, nunca dejarás de  ...",0
58,Despertar con sueño. LA HISTORIA DE MI VIDA.,0
59,"El ""me caes mal"" a primera vista, si existe.",0
60,"- Señor, estoy extremadamente enamorado de su hija, es muy linda, y no es por su dinero...

- ¡Ah! ¿De cuál de las 4?

- De cualquiera... :D",1
61,Mi mamá piensa que vacaciones significa temporada de limpieza extrema.,1
62,Un RT por Mosquitos que practican Formula 1 en tu oreja.,1
63,"Típico : 
—Mamá, ¿A donde vas? 
—Al super, ¿por? 
—Tráeme algo.",1
64,"Superar es necesario, seguir adelante es esencial y mirar hacia atrás es perder el tiempo.",0
65,Tipico: Enviar un mensaje y tener miedo de leer la respuesta.,0
66,"- ¿Estoy gorda amor? -No, tenes un cuerpo común - ¿Qué tan común? -Comuncerdito",1
67,Típico: entrar caminando a la cena navideña y salir rodando.,1
68,Típico: —¿Mamá puedo salir? —¿A donde? ¿Cuando? ¿A qué hora? ¿Por qué? ¿Con quién? ¿Para qué?,1
69,"— Hola, ¿Cómo te llamas?
— No soy el ayer ni soy el mañana...
— ¿De qué hablas?
— Me llamo Eloy!",1
70,"Papá papá, me resuelves el problema de matemáticas? -No hijo, no estaría bien. -Bueno, intentalo de todas formas. ",1
71,El único final feliz que conozco es el fin de semana.,1
72,"Típico: - ¿Mamá, te ayudo en algo? -No - ¿Segura? -Sí *10 minutos después* - ¡ES QUE SIEMPRE HAGO TODO YO! ¡NO AYUDAS EN NADA!",1
73," ¿Amor, estoy gorda?  Cómo dices eso mi Buda, perdón, mi vida.",1
74,Típico : Aburrirse y empezar a molestar gente.,0
75,"Nivel de amor entre hermanos: ""Eres adoptado"".",0
76,RT @MiAmorEnLetras: El reino de la justicia es el dominio del orden moral. Marco Fidel Suárez,1
77,"RT @dondealfredo: Durante su crianza en barricas de roble, cuya capacidad no superan los 700 litros, el whisky pierde naturalmente un 2% ...",0
78, vio un McDonald's o Burger King en construcción,0
79,- ¿Que qué queremos? - ¡Quitar el autocorrector del iPhone! - ¿Cuándo lo queremos? - ¡Ahorca! ¡Ahorra! ¡Alborea! ¡Alborán! ¡La puta madre!,1
80,"Hay tres cosas en la vida que se van y no regresan jamás: las palabras, el tiempo, y las oportunidades. ",0
81,"—El director es un idiota 
—¿Sabes quien soy? 
—No 
—Soy la hija del director 
—¿Y sabes quien soy yo? 
—No 
—JAJAJÁ que bueno, ¡Adiós!",1
82,—¿Que te parece mi novia musulmana? —Uff!!! Tiene un cuerpo explosivo.,1
83,"—le escribo, no le escribo.
—le escribo, no le escribo.
—le escribo, no le escribo.
—mejor si le escribo.(Desconectado)",0
84,"El 99,9% de los accidentes domésticos ocurren en el hogar.",1
85,RT @KlipXtreme: Acercarte e invitarla a salir aunque sus amigas estén con ella ,0
86,"-Mi cielo, ¿por qué esta noche no cambiamos de posición? Ella sonríe: -De acuerdo, yo veo la televisión y tu cocinas...",1
87,"TÍPICO: después de discutir, se te ocurren cosas geniales que pudiste haber dicho.",0
88,@LCabrero Yo vere lo que escribo pendejo! Es mi twitter,0
89,"El truco está en tomarla de la cintura y decirle tiernamente al oído ""Eres mía pendeja, si intentas dejarme, te mato, a ti y a tu mamá""",0
90,"Cuando te sientas solo, mira el cielo y fijate en el sol, siempre esta solo, pero no por eso deja de brillar.",0
91,8 pasos para ser feliz: 1. Jamás 2. Regreses 3. Con 4. La 5. Persona 6. Que 7. Te 8. Lastimó.,0
92,"Hijo, no crees que estás un poco obsesionado con Twitter? Ay arrobamamá, no sabes lo que dices. Hashtag-madreslocas",1
93, @WHATDAFAQSHOW Las flacas ricas y el viernes de terror! Si no lo sabes... AHORA LO SABES!!!,0
94,"Ese momento incómodo cuando ya te vas y alguien te dice ""HOLA""",0
95,"—¿Qué vas a hacer hoy?. — Nada. — Pero, ¿eso no hiciste ayer?. — Si, es que no termine.",1
96,"TIPICO: Te pones los audifonos, te hablan, y tu solo sonries y dices que ""si"".",0
97,"-Mi vida, ¿queres casarte conmigo? -No puedo responderte ahora. Estoy asando un pollo y yo nunca tomo decisiones importantes al asar",1
98,Típico: Pelearte con tus papás y no comer por orgullo.,0
99,"-Papá, no puedo dormir. ¿Me contas una historia? -Sí hija. Había una vez, una pequeña niña que no podía dormir, entonces murió.",0
100,Esas ganas de acariciarle la cara con las ruedas de un tractor.,0
101,"-Veamos, Jaimito, ¿qué me dices de la muerte de Napoleón? -¡Que lo siento mucho, maestra!",1
102,"Mujer: No tengo hijos, soy esméril. Amiga: Quizá tu esposo es imponente. Esposo: Ignorantes. Son esas pastillas anticorrosivas!",1
103,"¿De quién es esa manita? ¿De quién es esa piernita ¿De quién son esos ojitos? ¡Ay Dios mío, esta Morgue es un desastre! ",1
104,"RT @Ejercitandote: Bailar tambien quema calorias, una persona promedio quema aprox. 130kcal bailando cada media hora.",0
105,"Los mejores amigos siempre van a terminar ayudándote, justo después de reírse mucho de ti.",0
106,Típico : Ataques de: Quierosalir Quierosalir Quierosalir Quierosalir Quierosalir Quierosalir Quierosalir,0
107,"Odio cuando camino y viene alguien en mi dirección y para esquivarlo doy un paso a la derecha uno a la izquierda y pasito tum tum, bailamos.",0
108,ÚLTIMA HORA: Incendio en el zoo. Se cree que las culpables fueron las llamas.,1
109,"-Mamá, ¿puedo salir? –No - ¿Cómo se llama lo blanco que le echas a la comida? -Cloruro de sodio -Pero… - ¡Cloruro de sodio te dije!.",1
110,@UsoCaruso Armenia viejo uso!,0
111,Lo inesperado es lo mejor que te puede pasar.,0
112,"Felicidad es apagar el despertador y seguir durmiendo, así le demuestras al tiempo quién es el que manda.",0
113,"—Nada dura para siempre.  Yo, quejándome cuando se me acaba el saldo del celular.",1
114,"Si te da besos hasta en la nariz, eso es amor.",0
115,"-Mamá, en el colegio me dicen shampoo -Tranquilo Jhonson, no más lágrimas",1
116,RT @TodoReflexion: Lastima que no valoras a quien esta a tu lado hasta que lo pierdes.,0
117,— ¿Qué haces amor? — Hablo con una amiga. — :) — ¿Y tú? — :) — ¿Estás brava? — :) — ¿Todo bien? — :) — ¿Hola? — :),0
118,Tener una amiga que te cela como si fuera tu novio,0
119,Hace un año nunca habría imaginado que sería como soy ahora.,0
120,"—Oye mi amor, ponte la pijama de Chewbacca que usaste ayer. —Ayer dormí desnuda pendejo. ",1
121,¿Qué haces cuando no puedes dormir?: 1%: Intentar dormir. 99%: Calcular cuanto tiempo dormirías si te durmieras justo en ese momento.,1
122,"""El amor no es un problema, el problema son esas personas que no saben lo que significa.""",0
123,Lo más irónico es enamorarte de una persona que posea los defectos que más odias.,0
124,"Si tu mamá no inventó la hora para que te levantes temprano, fracaso como madre.",0
125,Cantar sin querer la canción que odias y maldecir a tu subconsciente.,1
126,Mi esposa tiene un buen físico. (Albert Einstein)  ,1
127,Todos somos valientes hasta que la cucaracha vuela.,1
128,"¡PUTA DISTANCIA! —Hijo, ¿ya estas enamorado otra vez? —No mamá, el cable del cargador no llega hasta mi cama.",1
129,"Erase una vez un niño tan pero tan feo, que el cura lo bautizó de lejos con una pistola de agua.",1
130,"RT @AmorProhibid0: Sábado de cine, vayan a ver la divertida película  https://t.co/dFeZEYBBJj se las recomiendo mucho",0
131,Mirarte en el espejo y salir corriendo a felicitar a tu mamá,1
132,"RT @iPENSAMIENT0: No te preocupes si todavía estás sola/o, Dios te está mirando y diciendo: ""Te estoy guardando para alguien especial"".",0
133,"-Una ardilla astronauta..
-Un caracol que maúlla..
-Un cangrejo que tiene una hija ballena..
¿Qué se habrá fumado el creador de Bob Esponja?",1
134,Era una señora tan recatada que se cambió de casa porque la calle donde vivía era de doble sentido... by @David_Correal,1
135,"Que no se pierda la bonita costumbre de dormir hasta el medio día, para demostrarle a todos que eres una persona que lucha por sus sueños",1
136,"-Señor, le vendo este reloj, se puede bañar con el! -¿Y el botón para que salga el agua donde está...? by @J41D3R ",1
137,Típico: Dar la vuelta a la almohada para sentir el lado fresco.,0
138,Me gusta despertarme en las madrugadas y ver que me quedan unas horas más para seguir durmiendo.,0
139,Tener SEXO siete veces al día es muy AGOTADOR. ATTE: BlancaNieves...,1
140,Que tu abuela te de dinero como si te estuviera pasando droga.,0
141,Los verdaderos amigos son tratados como familia.,0
142,"—Papá, ¿Recuerdas que te dije qué iba a estudiar con unos colegas?. —Sí. —Pues necesito qué nos saques de la cárcel",1
143,No hay sentimiento que una carita del Whatsapp no exprese.,0
144,"Me preguntaron de adicciones, les conté de tus labios.",1
145,"Un borracho a otro: -Fíjate que cada vez que bebo, me hago más guapo. -¿Si? -Llego a mi casa y mi mujer me dice: ¡Ay, ay, qué lindo!",1
146,"Típico: Cuando te escriben algo bonito, lo lees cómo 20 veces.",0
147,"- ¿Y tu media naranja? 
-No tengo, soy un limón salvaje GRRRRRRRR",1
148,-Mi novio me dejó por mi adicción a las series de televisión - ¿Y hace mucho que estabas con él? -Y... tres temporadas,1
149,"-Soy adicto a tu sonrisa, ¿y vos a qué sos adicta? -A Twitter -Pero yo pensé que... - ¡A Twitter dije!",1
150,RT @ChisteUniversal: Ese pequeño baile con los pulgares que se hace cuando usted no sabe cómo responder a un texto de alguien.,0
151,"Las mamás deberían entender que la ropa limpia va en el ropero, la sucia en el piso y la que pienso volver a usar en el respaldo de la silla",1
152,"Niñas de 10 años escribiendo: ""No puedo sacarte de mi cabeza..."" ¿Qué tendrán, piojos?",1
153,¿Cuál es su talento? Dormir.,1
154,"Las 4 etapas del ser humano: Yo creo en Santa, yo no creo en Santa, yo me siento Santa, yo parezco Santa! ",1
155,"-Doctor ¿como salió la operación? -Señora, la operación fue un éxito, ojalá nos salga así la autopsia! by @Cristhian83 ",1
156,Típico: Morder a las personas para demostrarles cariño.,0
157,Entrar a la ducha y salir con un plan detallado de como solucionar todos tus problemas.,0
158,"Ese ""mini-infarto"" que te da cuando alguien te dice: ""Tengo que hablar contigo"".",0
159,"@WillyrexYT Willy, no te ilusiones xD",0
160,"Sonríe, nadie necesita saber que no estás bien.",0
161,Típico: Tener todo el tiempo del mundo y terminar haciendo todo a última hora,0
162,RT @dondealfredo: En 1506 el whisky únicamente podía ser vendido a cirujanos por sus propiedades medicinales. ,0
163,"Antes de hablar, escucha;
Antes de gastar, gana; 
Antes de criticar, espera; 
Antes de abandonar, intenta.",0
164,Me suelta el sueño y me agarra la flojera.,0
165,"Que alegria me da, Antes los TT eran  o cosas por el estilo, ahora es  o algo por el estilo! Que viva colombia!",0
166,"Osea, Traen a el papa de Oscar y no a la de Mateo? Señorita laura: Que entre el desgraciado de RCN!!!",0
167,Que te pasa wey! Pinche pendejo! ,0
168," Barny es un dinosaurio alcohólico y demente, Fuma marihuana y Viola niños inocentes.",1
169,"-¿Me das 40 condones? -...34, 35. Lo siento señor, sólo quedan 35 -Ya me arruinaste la noche! pero dámelos igual.",1
170,"Ese momento en que tenes tantas cosas por hacer y tantos deberes, que te colapsas y no haces nada.",0
171,"Una vez Superman necesitaba comprarse Superfume y pues nada, fue al supermercado.",1
172,"Corre el rumor de que para mañana, habrá un ""Aló Presidente"" con ""mensajes escritos"" de . ¿Quién será la médium?",0
173,Típico: Te levantas de noche para ir al baño y corres lo mas veloz que puedes para que el fantasma no te alcance,1
174,"Creo que mi habitación es un lugar santo, cada vez que mi mamá entra dice: ¡Díos mío!",1
175,Ese momento incómodo en el que no sabes si lo soñaste o pasó de verdad.,0
176,Típico: saludar a un perro en la calle y que te siga todo el camino,0
177,"No son celos, son mariposas encabronadas.",0
178,RT @DeboRecordarQue: El amor a la libertad se halla arraigado por naturaleza en el pecho de todos los hombres.,0
179,"El Papa lo tiene pero no lo usa, Bush lo tiene corto y Schwartzenegger lo tiene muy largo, ¿que es? !El apellido! ",1
180,"-Mi vida, tenemos que habl... - ¡CORTAMOS! Te gané -Pero amor, te iba a decir que vamos a tener un bebe -Cortamos dije…",1
181,"-Amor, ¿me veo gorda con este vestido? -No, para nada... A ver, roda para acá...",1
182,"RT @DeboRecordarles: Cuanto más pequeño es el corazón, más odio alberga",0
183,—Papá ¿qué hace una vaca en la calle? —No sé. —Vacaminando. JAJAJAJAJÁ. —Hijo... —¿Qué? —Pásame el cinturón.,1
184,"Un mensaje en la mañana no solo significa buenos días, también significa, pienso en ti cuando me levanto.",0
185,Típica conversación de Skype: -¿Alo? -¿Me oyes? -No oigo nada! -¿Alo? -¿Hola? -¿Estás ahí? - Voy a colgar y vuelvo a llamar... - ¿Alo?,1
186,"-¿Traes USB? -No, los caballeros no tenemos memoria. ",1
187,Si algo no lo pudo encontrar tu Mamá… Desapareció para siempre.,0
188,Lindsay Lohan va más a la cárcel que jugador de Monopolio... by @ciudadbizarra ,1
189,Como cualquier padre el Papa se retira para poder pasar más tiempo con sus niños. ,0
190,"Típico: 

—¿Mamá puedo salir? 

—¿A donde? ¿Cuando? ¿A qué hora? ¿Por qué? ¿Con quién? ¿Para qué?",1
191,Típico cuando te gusta alguien: Ya anda con alguien. Vive lejos. Es mayor que tú . Es menor que tú. No le gusto. Es famoso.,0
192,Dime quien es tu ginecólogo para ir a chuparle los dedos!,0
193,"En esta vida todo puede esperar, menos el hambre.",0
194,"-Oiga, su esposa se cayó del coche 10 km atrás! -¡Oh, gracias a Dios! Creí que me había quedado sordo! ",1
195,Un hombre dice: Tengo tanta hambre que me comería un helicóptero... Y un marica a su lado: tucutucutucutucutucu ,1
196,Enamorate de la mujer que haya tenido mas libros entres las piernas que hombres.,0
197,"-Amor, estoy embarazada -No te preocupes, para eso está el plan B - ¿Plan B? ¿Cuál es ese? -Disculpa, ¿te conozco?",1
198,Yo también rompí algo y lo deje armadito para que se le rompa al próximo que lo toque,1
199,"Hola mamá, ¿Recuerdas que tenía hambre? bueno, se quemó la casa :(",1
200,"Me acabo de dar cuenta que la palabra ""reconocer"" es igual al revés.",0
201,"@FrancoWore obvio payasito, te tenes que sentir re importante ;) ah quien era? jajaja yo también te amo Franco &lt;3",0
202,"3 am, ruidos, la Sra baja y ve a su marido: -Qué horas son de llegar? Y él, todo briago: -Naa nomas vengo x la guitarra! by @_Gerardoo_",1
203,"Ya es 2014 en algunos países, pero es 2013 acá en mi país así que básicamente estoy hablando con la gente del futuro.",0
204,"— ¿Nivel de inglés? — Alto. — Traduzca ""Sí"" — ¡Yes! — Úselo en una frase. — Mi prima se llama Yes enia. — ¡CONTRATADO!",1
205,Ser el psicólogo de tus amigos y no saber que hacer con tu vida.,0
206,Bye bye Raiting ,0
207,"—Hijo ¿Cómo te agrego al WhatsApp? —JAJAJAJÁ ¡No molestes abuelo, ya dame mi calculadora!",1
208,(Chiste racista) ¿Qué es un agujero negro?... Un negrito que vende agujas...,1
209,Pérdida inmediata de dignidad al resbalarte en medio de la calle :(,0
210,"Amar es una forma de vida, porque sin tu amor yo no estoy vivo.",0
211,No existe película de terror que supere aquella sensación de tocarse el bolsillo y no sentir el  móvil.,1
212,"Oye, ¿sabes Inglés? ¡Obvio! ¿Qué significa I am? La una de la mañana.",1
213,"Soy de ese 99,9% de personas que cuando dice la verdad, se empieza a reír y parece que miente.",0
214,"Levántate, no llores.. Solo di: ""vete a la mierda"" y sonrie.",0
215,-¡Hijo! ¿Cuántas veces te he dicho que no seas tan exagerado? -Cientos de miles de millones de billones de veces papá.,1
216,"–¿Y la novia, sobrino? –¿Y la clave del wifi, tía?",1
217,Un policia se me acercó y me preguntó: -¿Dónde estabas entre 3 y 4? Y le respondí: -¡En la guardería!  ,1
218,Ese hermoso y único talento de llegar tarde a todas partes.,1
219,"""Tengo hambre "", ""Tengo sueño"". Mis frases preferidas, día a día.",0
220,"—En mis tiempos... —Sí, sí abuela, como digas, en tus tiempos todos eran bien santos y por eso tengo 10 tíos y 9 tías.",1
221,Típico: Tomarse 10 fotos y salir mal en 15.,1
222,Típico: Dejar para mañana lo que ayer dejé para hoy.,1
223,—¡TE AMO! —¡Awww! —¡FELIZ DÍA DE LOS INOCENTES! —¡Ay! :(,1
224,Una niña de 16 le dice a una de 6: - ¡Los reyes magos no existen! Y la de 6 le contesta: - ¡LOS DE CREPÚSCULO TAMPOCO!,1
225,"— Mi novia me engaño con mi mejor amigo... — Te entiendo perfectamente — ¿También te pasó? — No, pero igual hablo español.",1
226,"-Señor, vengo a pedir las nalgas de su hija -Las Nalgas!? Se pide la mano! - No, la mano no, ya de puñetas estoy harto!",1
227," respirar. Lo intenté varias veces, llámenme rara, pero no puedo. En serio ¡siento como que me ahogo!",0
228,"-Profe, ¿puedo ir al baño? -No -Es que estoy en esos días… - ¿Cómo? -En el periodo... - ¿Qué? -Menstruación -Martín, vuelve a tu sitio.",1
229,No soy un completo inútil... Por lo menos sirvo de mal ejemplo.  ,1
230,"En halloween me voy a disfrazar de ""Tenemos que hablar"". ¡Eso sí que da miedo!",0
231,"¿Que es lo que hace un cereal cuando se levanta ? -Se lava ""Zucarita""... ¿Y cuando se acuesta? Se lava ""Zucoso""!",1
232,- ¿Que tiene esa botella? -Agua señor policía - ¡Esto es vino! -Alabado sea el Señor y sus milagros,1
233,1- No hacer nada. 2- Darte cuenta que tienes mucho que hacer. 3- Intentar organizarte. 4- Agobiarte. 5- Volver al paso 1 :),0
234,"—¿Consumes drogas?
—No
—¿Las has probado alguna vez?
—Jamás
—Te noto nervioso
—Es que es la primera vez que me entrevista un unicornio.",0
235,Yo en los primeros días de clases http://t.co/u7Bq9KDtqD,0
236,RT @ChisteUniversal: A veces me pregunto si Macarena ya logró darle alegría a su cuerpo...,1
237,Entrar a la ducha y salir con un plan detallado de como solucionar todos tus problemas,0
238,"Típico: te gusta una canción, pero no te sabes el nombre.",0
239,Típico: Contestar dormido y no saber qué hablaste.,0
240,"Un ladrón me dijo 'Dame todo lo que tengas' yo le respondí 'sólo tengo su recuerdo'me miró a los ojos, nos abrazamos y lloramos,fue hermoso.",0
241, —¿Qué te pasa? —(Que quisiera estar contigo ahora y que no existiera ninguna distancia de por medio.) Nada...,0
242,Típico : Tener una discusión y que se te ocurran respuestas geniales... después de una hora.,0
243,"Mucho se habla de la gente que muere por culpa del alcohol, pero poco de la que nace gracias a él. POCO.",1
244,"—¡Me vuelves a llamar gorda y te dejo! —Pero mi amor, piensa en el bebé— ¿Qué bebé? —Ah, ¿qué no estás embarazada? (O_O)",1
245,"Llámame cuando madures, te espero en mi casita del árbol",1
246,Hay decisiones que cambian tu vida y vidas que llegan a cambiar tus decisiones.,0
247,A un condenado a la silla eléctrica le preguntan: -¿Cuál es su último deseo? -Que todos nos cojamos de la mano... by @JuNhIoR_87 ,1
248,-¿Cuánta gente trabaja en tu empresa? -Sólo la mitad. by @hadacon ,1
249,"}Detrás de un ""Yo te aviso"" existe un ""No voy a ir"".",0
250,"—Hijo, ordena tu cuarto, vienen visitas. —Ah, no sabía que la reunión era en mi cuarto.",1
251,Tener el don de enojarse por cualquier cosa,0
252,"Y con el tiempo te vas dando cuenta que a veces es bueno, perder a algunas personas.",0
253,"-Hola arroz - ¿Cómo me llamaste? -Ay disculpa, yo y mi mala costumbre de decir las cosas al revés",1
254,El mundo está lleno de subnormales distribuidos estratégicamente para que te encuentres al menos uno al día.,1
255,"RT @EresChiste: Soy del 99,9% que no saben las calles, pero saben como llegar.",0
256,Menstruación. Día 1. No me toques. Día 2. Abrázame. Día 3. No me hables. Día 4. ¡¿Por qué no has hablado?! Día 5. ¡Tú nunca me entiendes!,1
257,"— Mi vida, ¿crees que me maquillé mucho?
— Depende, ¿vas a salir a matar a Batman?",1
258,"- ¿Cuál es tu droga favorita? -Vos, ¿Y la tuya? -La marihuana -Pero yo pensé... - ¡LA MARIHUANA DIJE!",1
259,"- ¡Taxi! - ¿A dónde va? -No sé, pero dígame, ¿qué hace un tipo cómo usted seduciendo a la vida? -Otra vez vos maldito Arjona. ¡Bájate!",1
260,"Soy de los que se duerme tarde, así tenga que madrugar.",0
261,"Los verdaderos hombres no dan ROSAS, dan ROZONES... ",0
262,"Sin auriculares = Háblame. Un auricular = Puedes hablar conmigo, pero sólo si me agradas. Dos auriculares = CALLATE.",0
263,Típico : Recibir un mensaje en la madrugada y leerlo con un ojo.,1
264,Un aplauso por los que sabemos la verdad... pero queremos ver hasta donde llega la hipocresía.,0
265,"Asegúrate de que tus lágrimas no sean para cualquiera, no se le puede dedicar un sentimiento tan fuerte a alguien que no lo merece. BUEN DIA",0
266, PASALO!!! RETUITEALO!!! http://t.co/QO2uHCqv0E,0
267,"Amigos: ""¿Puedo ir a tu casa?"". Mejores amigos: ""Estoy de camino hacia tu casa""",0
268,—¿ Que queremos ? —¡¡ LA CURA CONTRA LOS CELOS !!  —¿Cuando la queremos ? —Pregúntale a tu amiguita!!!,1
269,"Mi cartera hoy parece una cebolla, cada vez que la abro, lloro. ",1
270,Típico: Cuando estás mal escuchas música triste y melancólica para sentirte peor.,0
271,Para todo en esta vida tu abuelita le tiene un dicho.,0
272,Típico: Utilizar vocabulario de difícil comprensión y alta complejidad en los exámenes para neutralizar la falta de conocimiento.,0
273,Típico De Navidad Desayuno: Recalentado Almuerzo: Recalentado Cena: Recalentado.,0
274,Mariana Pajón CAMPEONA! ,0
275,"-Oye, ¿que mañana es viernes Santo? -Así es, Blue Demon! mañana es viernes... via @miky77 ",0
276,"1er acto la piña saca 3 en examen, 2do acto la fresa saca 4, 3er acto la ciruela saca 6, ¿nombre de la obra? La Ciruela Pasa ",1
277,"—El amor no conoce de límites. —Señor, iba a 190 km/h, bájese del auto por favor.",1
278,"La vagina le dice al pene: Tu podrás entrar furioso y darme duro, pero júralo que YO de aquí te saco muerto!",1
279,Trabajos modernos... Experto Distribuidor de Música y Cinematografía: (Vendedor de Discos Piratas) by @tunoalva ,0
280,"- ¿Desde cuándo tiene usted la obsesión de que es un perro?. - Desde cachorro, doctor.",1
281,"Te quiero pero como amigos. ¿Comes amigos? Jaja, no, tú y yo. ¿Tú y yo comemos amigos? ¡Que seamos amigos! ¿¿Y nos comemos?? ¡¡NO!NO!",0
282,Madurar es dejar de buscar tu casa en Google Earth.,0
283,"No es tu padre si no le preguntas algo y te dice ""pregúntaselo a tu madre""",1
284,Típico: tener miles de canciones y escuchar siempre las mismas,0
285,¿Qué le dijo un tenis grande a un tenis chiquito? Te-nisicito.  ,1
286,Típico : llegan las vacaciones y tu madre piensa que eres su esclavo del aseo.,0
287,"Típico : el profesor dice: ""Jóvenes, recojo el examen en 5 minutos"" y aún a ti te falta medio examen.",0
288,RT @AleBringsDown: Que no te haga gracia un chiste y quedarte → .____.,0
289,Si piensas que tu mujer ya no te quiere como antes imagínate tu suegra que no te ha querido nunca.,1
290,Típico: estas en la mejor parte del sueño y alguien te despierta.,0
291,"Estar cantando en la ducha y el champú grita: ¡Otra, otra!",1
292,Típico: Te haces el educado en casa de tu amigo.,0
293,@MaestroYodaDice Si patada giratoria no quieres obtener a @ChuckNorrisDice No deveras joder.,0
294,"– ¿Tienes Blackberry? – JAJAJAJA NO, ni que fuera pobre.",1
295,"- ¿Cómo es tu firma? A ver firma esta hoja. -Pero dice acta de matrimonio civil -Vos firma, no hagas caso a lo que dice, después te explico…",1
296,RT @CiseProgresa: Aquí puedes conocer más sobre nuestro concurso  http://t.co/1z60TOroY3 ¿Qué esperas? ¡Participa!,0
297,"Soy de ese 99,9999% de la población que, después de la vacaciones, no se acuerda ni de como escribir.",0
298," soñé contigo.  ¡Wow! ¿En serio? cómo fue.  No recuerdo.  Entonces, ¿cómo sabes que soñabas conmigo?  Me desperté feliz.",0
299,Típica Frase De Profesores: –De que se rie? Digalo en voz alta así nos reímos todos.,0
300,Madres que se enojan y siguen hablando solas durante horas.,0
301,"RT @jere3: ""Hay que aprender a hacer las cosas y no que las cosas… te enseñen a aprender""",0
302,"Decir ""no sé"" a todo cuando estamos de mal humor",0
303,"-Señora, su terapia va muy bien, mañana trabajaremos con el inconsciente -No, no creo que mi marido quiera venir doctor.",1
304,"-Doctor, ¿cómo está mi marido? -Con sensibilidad. -¿Qué quiere decir eso? -¡Yo qué sé! Ha muerto, pero me han dicho que te dijera eso...",1
305,"-¡Hijo! ¿Cuántas veces te he dicho que no seas tan exagerado? 
-Cientos de miles de millones de billones de veces Papá :(",1
306,"El pasado es una lección, el presente un regalo y el futuro una motivación.",0
307,No hay sentimiento más grande que el deseo de dormir después del almuerzo.,0
308,Todo se vuelve más gracioso cuando estás en un sitio en el que no te puedes reír.,0
309,-Hagan grupos de 3 - ¿No podemos ser 8 profe?,0
310,"-Hijo, por qué vienes ebrio? -Mamá, pero tu me dijiste EMBRIAGATE! -te dije ABRIGATE, IMBECIL! y @TnaaCH  ",1
311,"Salen dos borrachos de un bar y uno le dice al otro: - ¿Tomamos un taxi? - ¡Nooo, más mezclas no!",1
312,RT @BonitosNovios: Sólo recuerda que yo estuve ahí cuando nadie más lo estuvo.,0
313,Cuando un niño miente está dejando salir a su adulto interior.,0
314,Mi memoria es:  5% nombres  3% números telefónicos  2% asuntos del colegio  90% letras de canciones.,0
315,La felicidad consiste en: Dormir sin tener que madrugar. Comer sin engordar. &amp; aprobar sin estudiar.,1
316,"¿Me puedes enviar la presentación? — ¿Por fax? — Sí por fax, enviamelax.",1
317,Ese momento de inseguridad en un examen cuando usas la calculadora hasta para sumar 2+2.,0
318,- ¡No entres ahí imbécil! ¡No entres a esa iglesia! ¡NOOO! - ¿Qué película estás viendo mi vida? -El vídeo de nuestra boda.,1
319,"- Ayer, al salir del trabajo atropellé a un unicornio.
- No jodas, ¿tenes trabajo?",1
320,"- ¿Por qué vas al velorio de tu tía disfrazado del perro de Mickey?  -Vos me lo dijiste - ¡DE LUTO TE DIJE, DE LUTO!",1
321,"Mamá, mamá! en el colegio me dicen Shampoo -Tranquilo Johnson, No más Lágrimas!",1
322,Típico: Tener las manos heladas y sentir la inmensa necesidad de demostrarlo.,0
323,Tengo una amiga que le dicen la langosta... porque tiene toda la carne en la cola! ,1
324,"Las mujeres con lunares o pecas, son doblemente hermosas.",0
325,¿Los albañiles se van al cielo por sus buenas obras?,1
326,Típico Decir que es una larga historia para no contarla.,1
327,"Mis días pasan así:
-Luuuunneeeeeeeeeeeeees
-Maaaaaaaaaarteeeeeeeeees
-Mieeeeeeeeeeeeercoooooooleeeeeees
-Jueeeeeeveeeees
-VIERNESABADOMINGO",1
328,"- ¿Qué te pasa? -Nada -Decime -Nada, carajo -Dale decime -NADA - ¿Ya no me quieres verdad? -QUE NADES PENDEJA, ¡NOS VAMOS A AHOGAR!",1
329,Soy de ese 99 % de gente que odia oír su voz en vídeos.,0
330,"— Mamá, estoy embarazada. — ¡Tanto que veíamos la rosa de Guadalupe y me sale con esto!",1
331,"Típico : Caerse de una forma tan estúpida, pero dolorosa, que no sabes si reírte o llorar.",0
332,"RT @omar_mor: Si quieres ser bilingüe (hablar dos idiomas) solo sigue a @LosChistes // He he! Así es, te ríes y aprendes inglés!",0
333,"El truco está en ponerle la corona, donde el pendejo le puso los cuernos.",0
334,"Las comas son importantes:  -Quiero darte amor. -Quiero darte, amor.",1
335,"¿Qué le dijo la vagina al pene? ¡Qué haces ahí parado, entra!",1
336,Un loco en la calle golpea 2 piedras -¿Por qué lo haces? –Para espantar elefantes –Pero aquí no hay –Ves que sí funciona,1
337,"Era una chica tan fea, que cuando salía de campamento los lobos encendían fuego para que no se les acercara! ",1
338,Esas canciones del celular que nunca escuchamos pero no las borramos ''por si acaso'' :),0
339,TÍPICO: Ver una cucaracha y gritar como si fuera un asesino en serie.,1
340,"Tu opinión es igual a los anuncios de Youtube, los ignoro en 5 segundos",0
341,"-Doctor, no sé qué me pasa que sólo pienso en el futuro - ¿Y desde cuando le ocurre eso? -Desde el jueves que viene...",1
342,Me encanta ver cuando mi teléfono tiene el 100% de batería. Son los mejores 30 segundos de mi día.,1
343,"Perdonad este tuit, pero estoy frente a una persona que conozco a la que no quiero saludar y he tenido que sacar el móvil para disimular.",1
344,"De nada sirve decir, ""ya me voy a dormir"" si tienes un celular en la mano.",0
345,"Mi cuarto puede ser un desastre, pero sé dónde está todo.",0
346," ""Sacar malas notas para ocultar tu inteligencia sobrehumana"".",0
347,- ¿Y si mejor quedamos como amigos? - ¿Y si mejor te vas a la mierda?,0
348,"La felicidad consiste en dormir sin tener que madrugar, comer sin engordar y aprobar sin estudiar.",1
349,"—Mamá, aún no sé qué estudiar. — ¿Qué te gusta? —Dormir.",1
350,"—Mama ¿me amas? —Sí hijo. —¿Me dejas ir a la fiesta? —No. —¿Has escuchado ''Si amas algo dejalo ir''? —¿Has escuchado ""Callate a la verga""?",1
351,"RT @TuAutoCorrector: Es «trasplante», no «transplante». Es «zafar», no «safar». Es «yendo», no «llendo». Si pueden, RT.",0
352,Camiseta vieja = ¡Pijama Nuevo!,0
353,"Pertenezco al 0.00000001% de la población que nunca se ha desmayado, ni ha tenido un yeso.",0
354,"-¿Fumaste marihuana? -¡No, papá! Te juro que... -Idiota, ¡soy tu perro! -¡Jajajá Firulay me asustaste! :(",1
355,-Me parece que te estas obsesionando con el alcohol -Cierra la maldita vodka,1
356,Levantarse pensando en la siesta que vas a dormir a la tarde,0
357,"RT @MichelPesquera: Algunas personas piensan que mantener una mala relación les hace fuertes; a veces, dejarla es lo que les fortalece.",0
358,"—911 ¿Cuál es su emergencia 

—¡me asaltaron! 

—¿Me podría decir cómo pasó?. 

—Cómo pasó. 

—Gracias. 

—De nada. 

—Adiós. 

—Adiós.",1
359,RT @MichelPesquera: Si el salario mínimo alcanza para vivir bien propongo que eso ganen nuestros diputados y senadores.,0
360,"Dr, Dr, ¿qué puedo hacer para que mi hijo no se orine en la cama? -Pues que duerma en el baño! ",1
361,"Típico: Ver un tweet que te identifique y pensar ""Creí que sólo a mi me pasaba"".",0
362,http://t.co/4JgqHzxH,0
363,"Había una vez una niña tan fea pero tan fea, que cuando apagaban la luz el coco la prendía.",1
364,"Le pedí que se entregue, y se fue a la comisaría.",0
365,"Según la Química, el Alcohol es una Solución.",1
366,Definición de Linterna: contenedor especial para transportar pilas descargadas...,1
367,"RT @ChisteUniversal: —Hola, ¿salimos? —No puedo —¿Qué tenes? —Buen gusto.",1
368,"Yo Quería Estudiar en un colegio que haya casilleros, porristas, Equipo de fútbol americano, Los populares y no populares.",0
369,¿Por qué será que muchas personas comienzan a odiar el trabajo en cuanto encuentran un empleo? ,1
370,Dices voy a estudiar y de repente todo tu alrededor se vuelve mas interesante.,1
371,El superpoder de ver el reloj tres veces y no saber que hora es.,0
372,"Irte a la cama a ""dormir"" y pasar primero una hora imaginando historias.",1
373,"-Mira, tu pez baila Breakdance –Si, ¡PERO METELO EN LA PECERA DESGRACIADO!",1
374,¿Eres dormilona? Eres perfecta.,0
375,"No es el mensaje, sino quien lo envía. No es la canción, sino a quien te recuerda. No es el tiempo, sino con quien lo pasas. BUEN DIA",0
376,- ¿Sabes cual es la diferencia entre la pizza y tu opinión? - ¿Cuál? -Que la pizza si la pedí,1
377,"Si no entiendes el sarcasmos, fallaste como twittero",0
378,"@elnettoh Oye, Que se a vuelto loca!!!!!!",0
379,Típico: Levantarse de la cama e irse directamente al sofá.,0
380,Las mejores sonrisas son las que nadie entiende.,0
381,"— Hola, ¿Cómo te llamas? — Nestor. — Ay, igual que el programa. — ¿Cuál programa? — Colombia's Nestor model.",1
382,"Un aspirante a un empleo: -¿Y cuánto me va usted a pagar? -Según lo que trabaje. -Oh, ¿tan poquito?  ",1
383,"Típico : Llegada inoportuna de gente a tu casa, que te obliga a vestirte.",0
384,"Tal vez Dios no usa reloj, pero nunca llega tarde y su tiempo es perfecto.",1
385,- ¿Pero te quiere o que onda? -Que onda,0
386,Caminar por la cocina como PAC-MAN cuando tienes hambre.,1
387,¿Por qué le dicen al Presidente el Clutch? Porque primero mete la pata y luego hace los cambios.,0
388,"Típico: Leer conversaciones viejas, y no saber si reír o llorar.",0
389,"Hay gente que si no les hablas tú, ni se acuerdan de que existes.",0
390,TIPICO: Tener una silla en tu habitación que sólo sirve para amontonar ropa.,0
391,Nadie verá las cosas buenas que haces hasta el día en que les haga falta.,0
392,Letrero en una tienda: Se fía sólo a mayores de 99 años acompañados por su madre...,1
393,¿Me da un Nintendo Wii? Veo que está feliz ¿Cuál Nintendo quiere? Wii. Contrólese ¿cuál quiere? ¡Wii Wii! ¡Seguridad! ¡Un pinche loco!,1
394,http://t.co/qRaqVWVp,0
395,Soy tan rudo que me saco los pantalones por arriba. by @DjGhost07 ,1
396,"Un borracho sube a un bus y se topa con un cura: -Vas directo al infierno! -Mierda, me volví a equivocar de bus! ",1
397,"RT @ChisteUniversal: Los verdaderos amigos siempre, pero siempre se reconcilian pase lo que pase.",0
398,TÍPICO: Te levantas de noche para ir al baño y corres lo mas veloz que puedes para que el fantasma no te alcance.,1
399,Típico: Levantarse un domingo y no saber si desayunar o almorzar.,0
400,"—¿Ya llegaste? —No, solo te vine a avisar que me falta una cuadra...",1
401,- ¿Estás seguro de que el alcohol es la respuesta a todo? -Alcohol.,1
402,"Si tu apellido fuera Melculo, ¿cómo te gustaría que te llamaran? ¿Abraham, Rosa, Aida o Deborah?",1
403,—¿Qué somos? —Estudiantes! —¿Qué queremos? —6 meses de vacaciones —¿Y cuándo las queremos? —2 veces al año!,1
404,Típico: Pelearte con alguien y después fijarte si tuiteo algo sobre ti.,0
405,Me dijeron que jugara pegado a la línea blanca. (Diego A. Maradona)   ,1
406,"—¿Te duele la cabeza? —No, ¿A tí? —Tampoco. —Awww tenemos tanto en común. ¿Te quieres casar conmigo?",0
407,Típico : ¿Mamá? ¿Qué? Te amo ¡YA TE DIJE QUE NO VAS A SALIR!,0
408,"Que yo estoy tan loco/a, que le rezo a la cruz de la farmacia.",0
409,"""El sacrificio de hoy, es el éxito de mañana.""",0
410,Lo veo. Me gusta. Miro el precio. Lo dejo en su sitio. Adiós.,0
411,Google ? Wikipedia ? Copiar ? Pegar = ¡Tarea lista!,1
412,Situación Sentimental: Con sueño.,0
413,¿Cúal es el pan matemático? El pan integral! ,1
414,"-Mamá, el pipí de Jaimito se parece a un maní! -¿Muy pequeño? -No, saladito.  ",1
415,—¿Por qué te gusta tanto llevarme la contraria? —No me gusta.,1
416,RT @AmorProhibid0: La peor forma de echar a alguien de menos es estar sentada a su lado y saber que nunca será tuyo.,0
417,- ¿Qué pasa si te corto una oreja? -Me quedo medio sordo - ¿Y si te corto la otra? -Me quedo ciego - ¿Por qué? -Porque se me caen los lentes,1
418,"Yo escribo tweets, las indirectas están en tu imaginación.",0
419,"A todo se acostumbra uno, menos a trabajar, madrugar y estudiar.",0
420,Quiero plantar un árbol genealógico contigo.,1
421,¿Por qué Dios hizo primero al hombre y no a la mujer? -Porque no quería que le dijeran como hacer al hombre. ,1
422,"-Mamá, ¡encontré empleo! - ¡POR FIN! ¿DONDE? -En el diccionario, entre la D y la F. Mira, aquí esta. JAJAJA, no mamá, con el cinto nooo",1
423,El 2014 será un buen año si tú quieres que lo sea.,0
424,"Típico :
–¿Mamá? 
–¿Qué? 
–Te amo 
–¡YA TE DIJE QUE NO VAS A SALIR!",1
425,"JAJAJAJAJAJA ¿TE ACUERDAS CUANDO... ah, no, tú no estabas.",0
426,"""Tenias un mosquito"". —Excusa perfecta para pegarle a tus amigos.",0
427,"-Hola preciosa, dame tú teléfono... -No. Perdón, pero no le paso mi número a desconocidos -Te estoy asaltando pendeja, DAME EL CELULAR",1
428,"Yo también he tenido la sensación de caerme, cuando estoy durmiendo.",0
429,"Una relación sin amor es como un celular sin saldo, solo sirve para jugar. BUEN DIA",1
430,"Están dos platicando: -Tengo la polla como un joystick -¿Con la punta roja? -No, con las manos marcadas...",0
431,"—Hola. —:P —Jajaja, ¿cómo estás? —:P —¡Miley Cyrus, basta! —:P",1
432,"Mi parte favorita del día es: cuando me acuesto y me quedo horas mirando el techo, imaginando historias que me gustaría que pasaran.",0
433,"Fallo Twitter y me toco socializar con mi familia. Conocí a mi hijos, muy simpáticos. El mas pequeño dice que se llama Federico",1
434,"—¿Quieres casarte conmigo? 
—¿Quién es migo? 
—Jajaja no, tu y yo 
—¿Los dos nos casaremos
conmigo?
—¡Yo contigo! 
—¿Quién es tigo?
—¡NOOO!",1
435,"""Un amigo verdadero es alguien que cree en ti aunque tu hayas dejado de creer en ti mismo""",0
436,¿Por qué el Cruz Azul se quedó en semifinales? Porque el entrenador les dijo: Juegen como si fuera la final! by @SantiagoLpz97,1
437,"Hice un estudio preguntando a 50 mujeres qué papel de baño usan. La respuesta más común fue: Salte de mi baño que estoy cagando, idiota!",1
438,Si tú la invitas a salir: Tú pagas. Si ella te invita a salir: Tú pagas.,1
439,"-¿Cuanto tardas en bañarte? 
-Cinco canciones y media.",0
440,-Mandé a mi mujer a comprar milanesas y la secuestraron -Y qué vas a hacer? -No se... tal vez un espagueti.,1
441,"- Pssss! Ven.
- ¿Qué quieres, abuela?
- Shhhh! No hables en alto... Guárdate este dinero, pero no se lo digas a tus padres.",1
442,TÍPICO: Ser psicólogo de tus amigos y no saber qué hacer con tu vida.,0
443,"- ¿Sabes cuál es la calle más silenciosa? -No, ¿cuál es? -La calle C JAJAJAJAJA no te vayas, no tengo amigos :(",1
444,RT @ElSaborDelCafe: ¿Sabías que…? La palabra ‘cappuccino’ proviene de la semejanza entre la bebida y elatuendo de los monjes capuchinos.,0
445,Típico : Apagar la luz del pasillo y correr lo más rápido posible para que nadie te asesine.,1
446,"RT @ChisteUniversal: ¡PUTA DISTANCIA! Hijo, ¿ya estas enamorado otra vez? No mamá, el cable del cargador no llega hasta mi cama.",1
447,"-Mamá, mamá... ¿cual es la definición de paranoico? -Probablemente crees que no lo sé y me quieres pillar ¿verdad?  ",1
448,Nunca discutas con una mujer que escribe más rápido que tú.,1
449,"-Mi novio y yo tenemos una relación seria - ¿Llevan mucho tiempo de novios? -No, solo 3 días, pero no nos reímos.",1
450,No hay traición más grande que decir quién fue el que te dio el chicle.,0
451,Típico : Empezar a hacer la tarea y de la nada aparecer frente a la computadora.,0
452,¿Qué le dijo el café al azúcar? Sin ti mi vida es amarga... ,1
453,"Si te dijo ""sueltame"" y la soltaste, si te dijo ""tengo frío"" y no la abrazaste, si te dijo ""adiós"" y te fuiste, FRACASASTE como hombre.",0
454,"-Sr Lobo, cuando mi abuela se entere que me violó 5 veces, lo va a matar —Caperucita fue solo una vez! —¿Qué?¿Ya te vas pinche flojo?",1
455,"No estoy de acuerdo en que la gente diga ""La edad es sólo un número"". La edad es claramente una palabra.",1
456,"Abres un paquete de chicles, y de repente todo el mundo es tu mejor amigo.",0
457, Te amo.  ¿A mí y a cuántas más?  Depende de las hijas que vayamos a tener.,0
458,2 palabras 11 letras 100 complicaciones 1 desgracia.   “Batería baja”.,1
459,"Es considerado una ""traición"" que tu mejor amigo/a se junte con alguien que no te agrada.",0
460," Voy Amarte.  ¿Lo prometes?  Si, soy astronauta.",1
461,¿Los INFANTES disfrutan la INFANCIA tanto como los ADULTOS disfrutan el ADULTERIO?,0
462,—Perdí 800 calorías en 2 segundos —¡WoW! ¿Cómo lo hiciste? — Se me cayó mi hamburguesa :(,1
463,— BOBA HIJUEPUTA — ¿CÓMO ME DIJISTE? — Fue el autocorrector... — Pero tú tienes un Nokia 1100 — Fue la linternita.,1
464,Típico: Ver a tus amigos y pensar: “Cuando los conocí parecían normales”,1
465,Siempre hay una conversación en whatsapp que jamás borras.,0
466,La conocí en un ascensor. Soy el amor de subida.,1
467,"Mi  es para cada uno de mis seguidores que me apoyan siempre, y se toman el tiempo para leerme, mencionarme y darme RT y FAV",0
468,Estas viendo tranquilamente la película en el cine y de repente se sienta una jirafa humana enfrente tuyo.,0
469,Típico: Tener muchas cosas por hacer y terminar haciendo NADA.,0
470,"RT @MichelPesquera: Cuando algo malo te pase tienes 3 opciones: dejar que te defina, dejar que te destruya o bien dejar que te haga fuerte.…",0
471,"Domingo: es ese día que duermo mucho, despierto cansado de dormir y vuelvo a dormir para descansar.",1
472,"En clase: 1+1=2. Ejercicios para casa: 1+2+1=4. Examen: Maria compró 4 uvas, se comió una y le dio otra a Pedro, calcula la masa del Sol.",1
473,"—¡Amor! Adivina que, no estoy embarazada.. —Enserio mi amor, que felicidad :') —No, idiota si lo estoy, feliz día de los inocentes. — :(",0
474,"Amistad sin bullying, no es amistad.",0
475,"-Mi amor ¿Cómo me queda este vestido amarillo? 
-Winnie pooh ¿Qué estás haciendo aquí? (o.o)",1
476,"-Esa chica tiene nalgas de burro... -¿De burro? -Sí, de burro de planchar! by @Rammoncho",1
477,No se si elegir esgrima o albañilería. Estoy entre la espada y la pared,1
478,—¿Ayer lleva H? —No. —¿Y hoy? —Sí. —Como cambian las cosas de un día para otro. JAJAJAJAJAJAJÁ. —Tu retraso no.,1
479,"RT @laseptimabutaca: Trailer de ""Rápido y Furioso 6"" que se estrenará en mayo de este año 2013 http://t.co/tklxfuFx http://t.co/c5aS4hw2",0
480,"Me pone muy nervioso que me cojan el móvil. No tengo nada que esconder, pero… ¡NO LO TOQUES COÑO!",1
481,"-Señor, ¿Sabe dónde está el Palacio de Justicia? -El Palacio está a la vuelta de la esquina, ahora la justicia es más difícil de encontrar",1
482," Jajaja, Ese man coje de objeto sexual a las mujeres y ustedes lo alaban jajaja, Que moral!!!",0
483,NOMBRE: llaves. OCUPACIÓN: Abrir puertas. HOBBIES: Jugar al escondite.,1
484,"Un loco le dice a otro: -Adivina que tengo en la mano –Un elefante -No vale, ya lo viste",1
485,"El marido a su mujer: -El Dr. me pide muestras de mi excremento, esperma y orina. -Fácil, dale tu calzoncillo. ",1
486,"¡Papá papá, tengo un lío de faldas! -¡Ese es mi hijo, a ver cuéntame! -¡No se si ponerme la falda azul o la rosa!",1
487,¿De qué murió el Capitán Garfio? ¡De un picor de cojones!  ,0
488,- ¡Que auriculares tan grande tienes! - ¡Son para ignorarte mejor!,1
489,"La negra: -Oye negro quiero DVD -Ay la negra enloqueció, vos no sabes sumar, pa' que querés dividi? by @franklintobon  ",1
490,En vacaciones cuando despierto no se si desayunar o almorzar.,0
491,"RT @NewbirdVe: ¿Sabías que el calzado de los más pequeños debe ser revisado cada tres meses, para controlar que no les quede ajustados? …",0
492,"— Mamá, mamá, ¿Qué es robar? — Cállate y sigue corriendo.",1
493,"- ¿Tus padres son arquitectos? -No -Pero si sos todo un monumento -Ayyy ♥ -Jajaja mentira, es que necesito trabajo de albañil - :(",1
494,Típico: Estás acostado de lo más lindo y tú mamá dice: Pásame un vaso Baña al perro Arma una bomba nuclear Limpia la casa.,0
495,RT @dondealfredo: ¿Llamas ''amigo'' a el que te ofrece alcohol?... Ése no es tu amigo... ¡Ése es tu hermano del alma! ¡No lo dejes ir!,0
496,": ""Red sin conexión""",1
497,RT @CiseProgresa: ¿Qué esperas? Envía ya tu  a nuestro correo ciseredes@gmail.com y participa en nuestro concurso.,0
498,Hay 3 tipos de estudiantes: Los que estudian todos los días. Los que estudian un día antes. Y los que… ¿¡AHH NO MAMES QUE HABÍA EXAMEN!?,0
499,Va 1 marica dandose palmadas en las nalgas y 1 tipo dice: -DALE COMIDA -Ya comió estúpido! Le estoy sacando los gases by @Franco_DMA,1
500,"La gente normal ríe: jajaja *Risa Tierna *

Yo me río: JAJAJAJAJAJAJA y aplaudo como una foca retrasada.",0
501,"-Ya aprendí a controlar mis ataques de ira - ¿Tus ataques de qué? - ¡DE IRA PENDEJO! ¿ACASO ESTÁS SORDO, O QUE MIERDA?",1
502,¿Qué te paso Navidad? Antes eras chevere.,0
503,"¿Quien es mas grande, un niño de un año o un pollito de un año? El pollito, porque tiene un año y pico! by @RiskalSoul",1
504,"Si tu apellido fuera Melculo, ¿cómo te gustaría que te llamaran? ¿Abraham, Rosa, Aida o Deborah? ",1
505,"Típico : —Mamá, ¿A donde vas? —Al super, ¿por? —Tráeme algo.",0
506,Aburrirse y empezar a molestar gente...,0
507,"Mujeres, nunca le digan a un hombre ""Sabes de qué hablo"", enserio no sabemos, somos muy pendejos.",0
508,¿Quien es el papá del Príncipe Azul? ¡Pues el Blue Ray! by @jfcorguez  ,0
509,"-Soldado, si delante tiene el norte, a la derecha el este y a la izquierda el oeste, ¿qué tiene detrás? -La mochila. ",1
510,- ¿Salgo en tu foto? -No - ¿Entonces para que carajo me etiquetas?,0
511,- ¿Sabes el chiste de Otto? -No - ¡Otto que no lo sabe!,1
512,La ausencia de alguien que te importa puede quitarte las ganas de todo.,0
513,"Mamá, mamá... ¿qué significa cuando en tu computadora me sale Formateando Disco C? ",1
514,"-Amiga, esta semana bajé 3 kilos -Que bueno. ¿Hiciste dieta? -No, me desmaquille",1
515,"RT @BuenaFraseEs: Una relación tiene la intención de mejorar tu vida, no de mantener tu vida.",0
516,"—A ver Peter ¿Cuál fue el Nazi más famoso?
—Victor, profe
—¿Victor?
—Sí, Victor el Nazi nesty W con Yandel JAJÁ
—Reprobado",1
517,"-Mesero, ¿qué come el niño de esa mesa? -Lo están amamantando -Tráigame lo mismo. -Pero señor... - ¡LO MISMO DIJE!",1
518,"Planeando el asesinato de mi almohada, ya sabe demasiado",1
519,¿Sabes cuál es el nuevo café que ofrecen en Starbucks? El Café Kalimba: Negro Ex-preso! via @fabiuxyz  ,0
520,Felicidad es comer y no engordar.,1
521,"-911, ¿cuál es su emergencia? -Vino mi suegra",1
522,"Yo También Dije en pleno examen ""Profe y eso cuando lo vimos"".",0
523,Los “Tres Chiflados” de la maxidevaluación en Venezuela (fotomontaje Calavera) http://t.co/XIgJ6xyF,0
524,"—¡ESTOY HARTO DE QUE HABLEN A MIS ESPALDAS! —Señor, usted es taxista. —Ah, sí, es cierto.",1
525,"—Que paso? 
—Una larga historia 
— Tengo tiempo 
— Yo flojera, no jodas.",1
526,"A las embarazadas todas le acarician la panza y dicen FELICIDADES, pero nadie acaricia el miembro y dicen BUEN TRABAJO",1
527,"""En los comerciales de toallas femeninas salen mujeres felices"".  Debería salir una mujer queriendo matar a alguien, como en la vida real.",1
528,"Dos Locos: -Oye, a que no adivinas que es lo que tengo en la mano? -Hmmm... un elefante? -Si, bueno, pero de que color? ",1
529,"Este Halloween me voy a disfrazar de ""Contraseña incorrecta"", para asustar a todos.",1
530,"— ¿Cuál es la última letra del abecedario? + ¡La O! — ¿Será la Z? + No, porque entonces sería abecedarioz! — ",1
531,: ¿Cómo conviertes una perra en una gata? Le quitas la tarjeta de crédito. by @Choyizo ,1
532,"RT @CiseProgresa: ¿Ya nos enviaste tu ? ¿Qué esperas? Nuestro correo es ciseredes@gmail.com, puedes ganar fabulosos premios",0
533,"-Oye, ¿sabías que María tiene un auto convertible? -¿En serio? -Sí, en la mañana es de tamales y en la noche de hot-dogs.",0
534,"RT @iMoviePhrases: Los niños nunca deberían ir a la cama, cuando despiertan son un día más mayores. Johnny Deep (Descubriendo Nunca Jamás)",0
535,Más desesperado que mi mujer buscando el Blackberry en la cama...  ,0
536,¿Que es eso de dormir temprano? ¿Es una aplicación móvil?,1
537,"-Soy una persona tranquila, paciente, gentil... -Pero... - ¡CÁLLATE QUE TODAVÍA NO TERMINE DE HABLAR MIERDA!",1
538,"- Capitán, ¿Puedo desembarcar por la izquierda? – Se dice por babor...  – Por babor Capitán, ¿Puedo desembarcar por la izquierda?",1
539,Yo también me acuerdo de algo gracioso y me empiezo a reír solo.,0
540,"-Mamá, mamá! voy a salir en MTV -Que orgullo hija, ¿en que programa? -16 and pregnant. ",1
541,Yo vivo a base de Vitamina C: Cama. Celular. Computadora. &amp; Comida.,0
542, leer que en la puerta dice TIRE y terminar empujandola,1
543,3 palabras que te joden el examen: Justifica tu respuesta.,0
544,Tengo una duda ¿Los flojos van al cielo o los vienen a buscar? (O_O),0
545,"-Mozo, ¿tiene alitas? -Sí señor -Entonces tráigame una cerveza. ¡Pero volando! JAJAJA",1
546,"-Hijo, tienes los ojos rojos +Si papá, me he fumado un porro -Ahhhh, pensaba que habias cortado una cebolla, no me gusta que uses cuchillos.",1
547,"— ¿Me prestas tu celular? — Sí, espera...*borrar* *borrar* *borrar* Listo, tomá...",1
548,"Típico: Si ignoras, te buscan. Si buscas, te ignoran",0
549,"-¿Sabías que Jennifer Lopez padece una enfermedad renal? -¿De veras? -Sí, porque está renal-gona :) by @lust_x_ever ",1
550,Situación Sentimental: Con hambre.,1
551,Ese momento incomodo en que tu mamá esta lavando los platos y te acercas lentamente y le pones un vaso sucio.,1
552,-PTM le cortaron el internet al vecino! -¿Y tú de qué te quejas? -¿De donde crees que tomo la señal...? by @krlosv12 ,1
553,"-Niña, ¿no te da miedo jugar en el cementerio? -Cuando estaba viva sí.",1
554,¡Lo que usted me dice me llena de dicha y de gozo! ¡¿Cómo será todo entero si a eso le llaman el trozo?! ,1
555,"Lo que has oído de mí, podría ser cierto o tal vez podría ser tan falso como la persona que te lo ha dicho.",0
556,¿Dónde venden tareas? Mi perro tiene hambre.,1
557,Awww!!! Preciosa imagen de un oso panda ayudando a otro panda. http://t.co/0C5RI9Er,0
558,"—Mama, mama, en el ""cole"" me llaman maricón. —Y tu que les haces? —Les pego con el bolso.",0
559,"-Amor, ¿qué significa “marry me”? -Cásate conmigo - ¡Acepto! - ¿Qué? Si solo te estaba… -CALLATE, la boda será en 10 días",1
560,Típico: vas al medico y te pone 100 ml de صول على مشغووقف م فيس صو ع,0
561,¿Cual es el colmo de la confianza? Lanzarse un pedo cuando se tiene diarrea ,1
562, De esas veces que quieres llamarle a tu novia pero no tienes saldo. Ni novia.,1
563,Soy de ese 0.001% que cuando dice la verdad se empieza a reír y parece que miente. ¬¬',0
564,"TÍPICO: me pongo los auriculares, me hablan, y solo sonrío y digo que ""si""",0
565,- ¿Y tu media naranja? -En el árbol tratando de madurar.,1
566,En un restaurante: - ¿Señor como quiere sus huevos? -Con toda mi alma,1
567,Un aplauso para esas personas que te sacan una gran sonrisa sincera en esos momentos de tristeza infinita.,0
568,"-Hola, ¿donde estas? -Tres palabras: Sol, Arena y cervezas - ¿Estas en la playa? -No, estoy en la obra, soy albañil - :(",1
569,En tiempos difíciles hay que endurecer el corazón sin perder la ternura.,0
570,"Un Sargento le dice a los soldados: - ¡SOLDADOS, PRESENTEN ARMAS! Y los soldados dicen: -Hola, mucho gusto, le presento a la pistola.",1
571,"RT @MuyCuriosoES: En Alemania del siglo XVIII, la sangre menstrual de las mujeres se añadía como afrodisíaco en comidas y bebidas. ",0
572,"Leí que mentir era malo y dejé de mentir, leí que odiar era malo y dejé de odiar, leí que el sexo era malo y dejé de leer! ",1
573,RT @iMoviePhrases: Anthony Hopkins confesó que el tono de voz utilizado en el Silencio de los Inocentes es una mezcla entre T. Capote y K. …,0
574,"En clase: 1+1 = 2. Examen: Si un Sims vive en Simvalley y tu vecina tiene 17 gatos, ¿cuántos langostinos le echó tu madre a la paella?",1
575,"Haz que tu cuenta de Twitter te haga ganar dinero, si tienes más de 100 seguidores regístrate aquí  http://t.co/0M6NgAlVKl @FluvipColombia",0
576,"A Whatsapp le falta la opción ""ver con quién más está hablando"".",0
577,"- Hola arroz
- ¿Cómo me llamaste?
- Ay disculpa, yo y mi mala costumbre de decir las cosas al revés",1
578,"Cómo ganar dinero con tú cuenta de Twitter en 3 pasos:  •Ve a Configuración de cuenta. •Pulsa ""Desactivar cuenta"". •Ve a trabajar.",1
579,"Valora lo que tienes, supera lo que te duele y lucha por lo que quieres.",0
580, si armaste una casita con  sabanas y sillas,0
581,"RT @LaBallenaLlena: Me encanta un chico, el problema es que también le gusta a mi mejor amiga ",0
582,Situación sentimental: ❒ En una relación. ❒ Casado. ❒ Soltero. ✔Mamá me ama.,1
583,¡Jamás renuncies a tus sueños!... sigue durmiendo :D,0
584,"La marihuana tiene cosas malas, la primera la perdida de la memoria ¿Y qué más? ¿Más de qué? ¡De la Marihuana! Ah, aquí tengo, ¿Quiere?",1
585,Sentirte estúpidamente feliz por imaginarte algo que sabes que no pasará,0
586,"Típico: de pequeño te obligaban a dormir, ahora te obligan a levantarte.",0
587,Típico: Repetir la canción entera cuando te pierdes tu parte favorita.,0
588,"-Qué película ves?
-Asesinos en serie.
-¿Y de qué trata?
-De una mariposa que no encuentra a su madre.",1
589,"-Mamá, tomaré en serio mi vida, hoy voy a ir a la escuela -Pero hoy es sábado -Por lo menos lo intente, el destino no quiere que estudie :D",1
590,"Ese momento incomodo cuando estas tratando de ser muy serio, pero algo te hace reír",1
591,El mejor sentimiento del mundo es ver sonreír a alguien y saber que tú eres el motivo.,0
592,"- ¿Queres un chicle? -No, gracias - ¿Y una mentita? –Gracias, pero no - ¿Y UN CEPILLO DE DIENTES?",1
593,"¿Por qué será que cuando el marido dice a la mujer: VETE AL DIABLO, ellas se van con su mamá? ",1
594,En diciembre todos los días parecen domingo.,0
595,"Ese momento incomodo, cuando estas diciendo la verdad, te ríes, y no te creen.",1
596,"2 Árabes –Baisano, que su hija artista ya trabaje –Sí, hoy debuta -De buta de artista o lo que sea, bero que trabaje",1
597,"El alcohol es una solución, y no sólo lo digo yo, también mi maestra de Química.",1
598," - ¿Estas triste? - No idiota, estoy audicionando para ser emo.",0
599,Si te dieran a escoger entre la paz mundial y un Ferrari... ¿De qué color escogerías el Ferrari?...,1
600,RT @CuriosoDato: La pandiculación es la palabra que significa “estirarse para despertarse”,0
601,- ¿Nivel de inglés? -Excelenteishion.,1
602,"""Ser un niño otra vez es lo mejor que nos puede pasar: las rodillas raspadas sanan más rápido que los corazones rotos."" Bob Marley",0
603,"Introduzca su nueva clave: Pene. Lo sentimos, su clave es demasiado corta...",1
604,"--¿Fumas? - No. -¿Bebes? -- No. -¿Mujeriego? -No -¿Entonces no tienes ningún defecto? -Uno solo, desde niño he sido muy mentiroso. @SrWonka_",1
605,¿Sabías que tener sexo sin protección es magia? ¡Aparece un bebé y desaparece el papá! ,1
606,"—¿Qué es eso que traes en tu bolsa? —Un AK-47. —No, al lado del AK-47. —Unos Chettos bolita. —¡No puedes entrar al Cine con comida!",1
607,"-Hijo, ¿te estas drogando? -No, esto en la nariz es harina, los ojos rojos es  conjuntivitis y el unicornio de la habitación es de un amigo",1
608,"Levantarse muerto de sueño, sentarse en la orilla de la cama y quedarse mirando un zapato :)",0
609,Llamadas perdidas: Papá (2) hermano (1) hermana (1) Mamá (70),1
610,"Si no eres una mala influencia, fracasaste como mejor amigo",1
611,Hay un mundo mejor ¡Pero es muy caro!  by @MelMarcano  ,1
612,Uno de cada cinco hombres es gay. Espero que ninguno de mis cuatro amigos lo sea porque están GUAPÍSIMOS.,1
613,Lo más importante para tu Mamá: —Tú: 10% —Familia: 5% —Amigas: 3% —Telenovelas: 2% —Que hayas comido : 80%,1
614,Típico: La cama de tus padres es más cómoda que la tuya.,0
615,"-Amor, ¿me das tu mano? -Sí mi vida, ¿a dónde vamos? -A ser felices -Ayyy ¿en serio? -No, jajaja vamos a comprar cervezas",1
616,"Hay 5 niveles de miedo: El pánico. El terror. 15 llamadas perdidas de mamá. El ""tenemos que hablar"" Y el ""contraseña incorrecta"".",0
617,"RT @CiseProgresa: Las cosas malas nos pasan a todos. Úsalas en tu ventaja, aprende de ellas y enfócate en la gratitud. ",1
618,"—Se conecta
—Esperas que escriba
— No escribe
—Entra el Orgullo
—Ninguno escribe
—Ya que le vas a escribir se desconecta :(",0
619,"Todo el mundo tiene derecho a ser estúpido, pero tu estás abusando del privilegio.",0
620,"El truco es actuar como si te diera igual, aunque no te dé igual.",0
621,"—Amor, ¿Ya está dentro? —Sí ¿Te lastima? —Sí amor, mételo despacito, duele cuando entra. —Ok, vamos a intentar otro número de zapato :)",1
622,Quedarse atrapado en la esquina de la ducha porque el agua sale muy fría.,0
